parcel,x,y,z
aHIP-rh,26.0,-14.0,-20.0
pHIP-rh,28.0,-30.0,-8.0
lAMY-rh,28.0,-2.0,-22.0
mAMY-rh,22.0,-6.0,-16.0
THA-DP-rh,16.0,-30.0,2.0
THA-VP-rh,14.0,-22.0,2.0
THA-VA-rh,8.0,-10.0,6.0
THA-DA-rh,12.0,-22.0,12.0
NAc-shell-rh,12.0,10.0,-6.0
NAc-core-rh,14.0,18.0,-2.0
pGP-rh,24.0,-8.0,-2.0
aGP-rh,18.0,0.0,-2.0
aPUT-rh,24.0,8.0,-2.0
pPUT-rh,30.0,-6.0,4.0
aCAU-rh,14.0,14.0,6.0
pCAU-rh,14.0,4.0,16.0
aHIP-lh,-24.0,-14.0,-20.0
pHIP-lh,-26.0,-30.0,-8.0
lAMY-lh,-26.0,-2.0,-22.0
mAMY-lh,-20.0,-6.0,-16.0
THA-DP-lh,-14.0,-30.0,2.0
THA-VP-lh,-12.0,-22.0,2.0
THA-VA-lh,-6.0,-10.0,6.0
THA-DA-lh,-10.0,-22.0,12.0
NAc-shell-lh,-10.0,10.0,-6.0
NAc-core-lh,-12.0,18.0,-2.0
pGP-lh,-22.0,-8.0,-2.0
aGP-lh,-16.0,0.0,-2.0
aPUT-lh,-22.0,8.0,-2.0
pPUT-lh,-28.0,-6.0,4.0
aCAU-lh,-12.0,14.0,6.0
pCAU-lh,-12.0,4.0,16.0
7Networks_LH_Vis_1,-32.0,-42.0,-20.0
7Networks_LH_Vis_2,-30.0,-32.0,-18.0
7Networks_LH_Vis_3,-36.0,-62.0,-16.0
7Networks_LH_Vis_4,-24.0,-54.0,-8.0
7Networks_LH_Vis_5,-24.0,-72.0,-10.0
7Networks_LH_Vis_6,-36.0,-82.0,-16.0
7Networks_LH_Vis_7,-18.0,-38.0,-12.0
7Networks_LH_Vis_8,-46.0,-70.0,-8.0
7Networks_LH_Vis_9,-18.0,-86.0,-14.0
7Networks_LH_Vis_10,-12.0,-62.0,-4.0
7Networks_LH_Vis_11,-6.0,-76.0,-6.0
7Networks_LH_Vis_12,-24.0,-96.0,-12.0
7Networks_LH_Vis_13,-14.0,-44.0,-6.0
7Networks_LH_Vis_14,-42.0,-86.0,-4.0
7Networks_LH_Vis_15,-8.0,-98.0,-8.0
7Networks_LH_Vis_16,-14.0,-56.0,2.0
7Networks_LH_Vis_17,-46.0,-74.0,6.0
7Networks_LH_Vis_18,-4.0,-88.0,2.0
7Networks_LH_Vis_19,-24.0,-96.0,6.0
7Networks_LH_Vis_20,-14.0,-48.0,4.0
7Networks_LH_Vis_21,-8.0,-74.0,10.0
7Networks_LH_Vis_22,-20.0,-64.0,6.0
7Networks_LH_Vis_23,-40.0,-84.0,14.0
7Networks_LH_Vis_24,-10.0,-96.0,18.0
7Networks_LH_Vis_25,-2.0,-84.0,24.0
7Networks_LH_Vis_26,-12.0,-72.0,20.0
7Networks_LH_Vis_27,-24.0,-84.0,22.0
7Networks_LH_Vis_28,-32.0,-84.0,26.0
7Networks_LH_Vis_29,-16.0,-90.0,34.0
7Networks_LH_Vis_30,-12.0,-80.0,36.0
7Networks_LH_Vis_31,-22.0,-78.0,44.0
7Networks_LH_SomMot_1,-50.0,-10.0,0.0
7Networks_LH_SomMot_2,-56.0,-22.0,8.0
7Networks_LH_SomMot_3,-36.0,-24.0,10.0
7Networks_LH_SomMot_4,-38.0,-10.0,12.0
7Networks_LH_SomMot_5,-36.0,-26.0,18.0
7Networks_LH_SomMot_6,-58.0,-36.0,16.0
7Networks_LH_SomMot_7,-42.0,-36.0,14.0
7Networks_LH_SomMot_8,-48.0,-12.0,14.0
7Networks_LH_SomMot_9,-60.0,-2.0,12.0
7Networks_LH_SomMot_10,-48.0,-24.0,18.0
7Networks_LH_SomMot_11,-60.0,-18.0,20.0
7Networks_LH_SomMot_12,-60.0,-2.0,24.0
7Networks_LH_SomMot_13,-62.0,-10.0,32.0
7Networks_LH_SomMot_14,-54.0,-8.0,30.0
7Networks_LH_SomMot_15,-54.0,-20.0,40.0
7Networks_LH_SomMot_16,-52.0,-6.0,44.0
7Networks_LH_SomMot_17,-48.0,-16.0,40.0
7Networks_LH_SomMot_18,-8.0,-16.0,46.0
7Networks_LH_SomMot_19,-42.0,-14.0,48.0
7Networks_LH_SomMot_20,-50.0,-16.0,54.0
7Networks_LH_SomMot_21,-48.0,-30.0,58.0
7Networks_LH_SomMot_22,-38.0,-24.0,52.0
7Networks_LH_SomMot_23,-8.0,-38.0,54.0
7Networks_LH_SomMot_24,-4.0,-24.0,56.0
7Networks_LH_SomMot_25,-4.0,-8.0,60.0
7Networks_LH_SomMot_26,-36.0,-20.0,64.0
7Networks_LH_SomMot_27,-30.0,-46.0,62.0
7Networks_LH_SomMot_28,-32.0,-30.0,62.0
7Networks_LH_SomMot_29,-30.0,-38.0,66.0
7Networks_LH_SomMot_30,-24.0,-10.0,64.0
7Networks_LH_SomMot_31,-20.0,-24.0,66.0
7Networks_LH_SomMot_32,-8.0,-42.0,70.0
7Networks_LH_SomMot_33,-4.0,-26.0,68.0
7Networks_LH_SomMot_34,-14.0,-12.0,72.0
7Networks_LH_SomMot_35,-18.0,-32.0,68.0
7Networks_LH_SomMot_36,-20.0,-40.0,72.0
7Networks_LH_SomMot_37,-12.0,-26.0,74.0
7Networks_LH_DorsAttn_Post_1,-46.0,-42.0,-22.0
7Networks_LH_DorsAttn_Post_2,-48.0,-56.0,-16.0
7Networks_LH_DorsAttn_Post_3,-56.0,-62.0,0.0
7Networks_LH_DorsAttn_Post_4,-48.0,-66.0,16.0
7Networks_LH_DorsAttn_Post_5,-26.0,-70.0,30.0
7Networks_LH_DorsAttn_Post_6,-54.0,-32.0,44.0
7Networks_LH_DorsAttn_Post_7,-22.0,-66.0,46.0
7Networks_LH_DorsAttn_Post_8,-46.0,-28.0,44.0
7Networks_LH_DorsAttn_Post_9,-34.0,-46.0,40.0
7Networks_LH_DorsAttn_Post_10,-28.0,-58.0,50.0
7Networks_LH_DorsAttn_Post_11,-38.0,-38.0,50.0
7Networks_LH_DorsAttn_Post_12,-36.0,-52.0,56.0
7Networks_LH_DorsAttn_Post_13,-14.0,-72.0,56.0
7Networks_LH_DorsAttn_Post_14,-28.0,-62.0,62.0
7Networks_LH_DorsAttn_Post_15,-8.0,-58.0,64.0
7Networks_LH_DorsAttn_Post_16,-20.0,-56.0,66.0
7Networks_LH_DorsAttn_Post_17,-12.0,-50.0,72.0
7Networks_LH_DorsAttn_FEF_1,-40.0,-2.0,52.0
7Networks_LH_DorsAttn_FEF_2,-26.0,0.0,56.0
7Networks_LH_DorsAttn_FEF_3,-30.0,-8.0,52.0
7Networks_LH_DorsAttn_FEF_4,-22.0,6.0,64.0
7Networks_LH_DorsAttn_PrCv_1,-50.0,6.0,26.0
7Networks_LH_DorsAttn_PrCv_2,-50.0,2.0,38.0
7Networks_LH_SalVentAttn_ParOper_1,-54.0,-32.0,22.0
7Networks_LH_SalVentAttn_ParOper_2,-58.0,-44.0,28.0
7Networks_LH_SalVentAttn_ParOper_3,-62.0,-24.0,32.0
7Networks_LH_SalVentAttn_ParOper_4,-62.0,-36.0,34.0
7Networks_LH_SalVentAttn_TempOcc_1,-56.0,-54.0,10.0
7Networks_LH_SalVentAttn_FrOperIns_1,-44.0,6.0,-16.0
7Networks_LH_SalVentAttn_FrOperIns_2,-38.0,2.0,-4.0
7Networks_LH_SalVentAttn_FrOperIns_3,-32.0,24.0,0.0
7Networks_LH_SalVentAttn_FrOperIns_4,-40.0,-14.0,-2.0
7Networks_LH_SalVentAttn_FrOperIns_5,-32.0,18.0,8.0
7Networks_LH_SalVentAttn_FrOperIns_6,-36.0,4.0,10.0
7Networks_LH_SalVentAttn_FrOperIns_7,-44.0,12.0,2.0
7Networks_LH_SalVentAttn_FrOperIns_8,-50.0,2.0,4.0
7Networks_LH_SalVentAttn_FrOperIns_9,-52.0,8.0,14.0
7Networks_LH_SalVentAttn_PFCl_1,-30.0,44.0,30.0
7Networks_LH_SalVentAttn_Med_1,-6.0,22.0,32.0
7Networks_LH_SalVentAttn_Med_2,-6.0,0.0,40.0
7Networks_LH_SalVentAttn_Med_3,-12.0,-28.0,42.0
7Networks_LH_SalVentAttn_Med_4,-6.0,10.0,48.0
7Networks_LH_SalVentAttn_Med_5,-12.0,-42.0,48.0
7Networks_LH_SalVentAttn_Med_6,-6.0,-50.0,56.0
7Networks_LH_SalVentAttn_Med_7,-8.0,-2.0,70.0
7Networks_LH_Limbic_OFC_1,-12.0,24.0,-20.0
7Networks_LH_Limbic_OFC_2,-24.0,22.0,-20.0
7Networks_LH_Limbic_OFC_3,-10.0,48.0,-22.0
7Networks_LH_Limbic_OFC_4,-4.0,24.0,-20.0
7Networks_LH_Limbic_OFC_5,-16.0,64.0,-8.0
7Networks_LH_Limbic_TempPole_1,-38.0,-6.0,-42.0
7Networks_LH_Limbic_TempPole_2,-26.0,6.0,-40.0
7Networks_LH_Limbic_TempPole_3,-26.0,-10.0,-32.0
7Networks_LH_Limbic_TempPole_4,-54.0,-20.0,-32.0
7Networks_LH_Limbic_TempPole_5,-40.0,-22.0,-26.0
7Networks_LH_Limbic_TempPole_6,-44.0,12.0,-34.0
7Networks_LH_Limbic_TempPole_7,-32.0,12.0,-30.0
7Networks_LH_Limbic_TempPole_8,-22.0,-20.0,-26.0
7Networks_LH_Cont_Par_1,-28.0,-74.0,42.0
7Networks_LH_Cont_Par_2,-58.0,-42.0,46.0
7Networks_LH_Cont_Par_3,-54.0,-50.0,44.0
7Networks_LH_Cont_Par_4,-34.0,-62.0,48.0
7Networks_LH_Cont_Par_5,-42.0,-52.0,48.0
7Networks_LH_Cont_Par_6,-44.0,-42.0,46.0
7Networks_LH_Cont_Temp_1,-60.0,-48.0,-10.0
7Networks_LH_Cont_OFC_1,-28.0,50.0,-14.0
7Networks_LH_Cont_PFCl_1,-42.0,50.0,-6.0
7Networks_LH_Cont_PFCl_2,-48.0,36.0,10.0
7Networks_LH_Cont_PFCl_3,-38.0,50.0,10.0
7Networks_LH_Cont_PFCl_4,-28.0,56.0,12.0
7Networks_LH_Cont_PFCl_5,-42.0,38.0,22.0
7Networks_LH_Cont_PFCl_6,-44.0,20.0,28.0
7Networks_LH_Cont_PFCl_7,-40.0,8.0,34.0
7Networks_LH_Cont_PFCl_8,-36.0,32.0,38.0
7Networks_LH_Cont_PFCv_1,-34.0,16.0,-8.0
7Networks_LH_Cont_pCun_1,-8.0,-78.0,46.0
7Networks_LH_Cont_pCun_2,-4.0,-64.0,52.0
7Networks_LH_Cont_Cing_1,-4.0,6.0,28.0
7Networks_LH_Cont_Cing_2,-4.0,-22.0,28.0
7Networks_LH_Cont_PFCmp_1,-4.0,28.0,48.0
7Networks_LH_Default_Temp_1,-54.0,-2.0,-30.0
7Networks_LH_Default_Temp_2,-62.0,-18.0,-20.0
7Networks_LH_Default_Temp_3,-60.0,-36.0,-18.0
7Networks_LH_Default_Temp_4,-56.0,-8.0,-14.0
7Networks_LH_Default_Temp_5,-52.0,6.0,-12.0
7Networks_LH_Default_Temp_6,-60.0,-34.0,-4.0
7Networks_LH_Default_Temp_7,-52.0,-22.0,-6.0
7Networks_LH_Default_Temp_8,-60.0,-12.0,-2.0
7Networks_LH_Default_Temp_9,-62.0,-32.0,6.0
7Networks_LH_Default_Temp_10,-52.0,-44.0,6.0
7Networks_LH_Default_Par_1,-58.0,-48.0,16.0
7Networks_LH_Default_Par_2,-46.0,-58.0,20.0
7Networks_LH_Default_Par_3,-40.0,-78.0,30.0
7Networks_LH_Default_Par_4,-48.0,-64.0,32.0
7Networks_LH_Default_Par_5,-56.0,-54.0,30.0
7Networks_LH_Default_Par_6,-42.0,-72.0,44.0
7Networks_LH_Default_Par_7,-50.0,-60.0,46.0
7Networks_LH_Default_PFC_1,-36.0,22.0,-16.0
7Networks_LH_Default_PFC_2,-36.0,36.0,-14.0
7Networks_LH_Default_PFC_3,-4.0,56.0,-10.0
7Networks_LH_Default_PFC_4,-6.0,36.0,-8.0
7Networks_LH_Default_PFC_5,-46.0,32.0,-10.0
7Networks_LH_Default_PFC_6,-28.0,58.0,0.0
7Networks_LH_Default_PFC_7,-48.0,28.0,0.0
7Networks_LH_Default_PFC_8,-6.0,60.0,6.0
7Networks_LH_Default_PFC_9,-6.0,44.0,6.0
7Networks_LH_Default_PFC_10,-54.0,20.0,12.0
7Networks_LH_Default_PFC_11,-16.0,68.0,8.0
7Networks_LH_Default_PFC_12,-6.0,34.0,20.0
7Networks_LH_Default_PFC_13,-4.0,52.0,28.0
7Networks_LH_Default_PFC_14,-14.0,58.0,30.0
7Networks_LH_Default_PFC_15,-22.0,50.0,32.0
7Networks_LH_Default_PFC_16,-24.0,28.0,44.0
7Networks_LH_Default_PFC_17,-40.0,20.0,48.0
7Networks_LH_Default_PFC_18,-8.0,42.0,52.0
7Networks_LH_Default_PFC_19,-18.0,36.0,48.0
7Networks_LH_Default_PFC_20,-42.0,8.0,48.0
7Networks_LH_Default_PFC_21,-30.0,14.0,58.0
7Networks_LH_Default_PFC_22,-22.0,20.0,52.0
7Networks_LH_Default_PFC_23,-12.0,24.0,62.0
7Networks_LH_Default_PFC_24,-6.0,10.0,64.0
7Networks_LH_Default_pCunPCC_1,-8.0,-52.0,10.0
7Networks_LH_Default_pCunPCC_2,-14.0,-60.0,18.0
7Networks_LH_Default_pCunPCC_3,-4.0,-54.0,20.0
7Networks_LH_Default_pCunPCC_4,-6.0,-40.0,24.0
7Networks_LH_Default_pCunPCC_5,-10.0,-70.0,32.0
7Networks_LH_Default_pCunPCC_6,-6.0,-60.0,30.0
7Networks_LH_Default_pCunPCC_7,-8.0,-44.0,32.0
7Networks_LH_Default_pCunPCC_8,-4.0,-34.0,38.0
7Networks_LH_Default_pCunPCC_9,-2.0,-16.0,38.0
7Networks_LH_Default_pCunPCC_10,-4.0,-68.0,42.0
7Networks_LH_Default_pCunPCC_11,-6.0,-50.0,42.0
7Networks_RH_Vis_1,34.0,-36.0,-24.0
7Networks_RH_Vis_2,30.0,-30.0,-18.0
7Networks_RH_Vis_3,36.0,-54.0,-18.0
7Networks_RH_Vis_4,38.0,-74.0,-16.0
7Networks_RH_Vis_5,26.0,-52.0,-8.0
7Networks_RH_Vis_6,24.0,-74.0,-10.0
7Networks_RH_Vis_7,18.0,-36.0,-12.0
7Networks_RH_Vis_8,20.0,-88.0,-12.0
7Networks_RH_Vis_9,50.0,-64.0,-10.0
7Networks_RH_Vis_10,42.0,-84.0,-12.0
7Networks_RH_Vis_11,10.0,-72.0,-4.0
7Networks_RH_Vis_12,14.0,-58.0,-4.0
7Networks_RH_Vis_13,26.0,-96.0,-10.0
7Networks_RH_Vis_14,18.0,-44.0,-2.0
7Networks_RH_Vis_15,8.0,-92.0,-2.0
7Networks_RH_Vis_16,48.0,-66.0,4.0
7Networks_RH_Vis_17,14.0,-46.0,4.0
7Networks_RH_Vis_18,36.0,-88.0,2.0
7Networks_RH_Vis_19,8.0,-74.0,8.0
7Networks_RH_Vis_20,22.0,-60.0,6.0
7Networks_RH_Vis_21,24.0,-98.0,8.0
7Networks_RH_Vis_22,44.0,-78.0,10.0
7Networks_RH_Vis_23,12.0,-94.0,18.0
7Networks_RH_Vis_24,16.0,-66.0,18.0
7Networks_RH_Vis_25,6.0,-80.0,24.0
7Networks_RH_Vis_26,28.0,-88.0,20.0
7Networks_RH_Vis_27,36.0,-80.0,24.0
7Networks_RH_Vis_28,14.0,-78.0,34.0
7Networks_RH_Vis_29,16.0,-88.0,36.0
7Networks_RH_Vis_30,30.0,-78.0,36.0
7Networks_RH_SomMot_1,52.0,2.0,-6.0
7Networks_RH_SomMot_2,62.0,-18.0,0.0
7Networks_RH_SomMot_3,54.0,-14.0,6.0
7Networks_RH_SomMot_4,40.0,-18.0,6.0
7Networks_RH_SomMot_5,38.0,-8.0,14.0
7Networks_RH_SomMot_6,34.0,-22.0,14.0
7Networks_RH_SomMot_7,60.0,-24.0,10.0
7Networks_RH_SomMot_8,64.0,-34.0,10.0
7Networks_RH_SomMot_9,42.0,-14.0,18.0
7Networks_RH_SomMot_10,42.0,-30.0,18.0
7Networks_RH_SomMot_11,50.0,-10.0,12.0
7Networks_RH_SomMot_12,60.0,0.0,10.0
7Networks_RH_SomMot_13,48.0,-22.0,18.0
7Networks_RH_SomMot_14,62.0,-12.0,16.0
7Networks_RH_SomMot_15,60.0,6.0,30.0
7Networks_RH_SomMot_16,60.0,-4.0,26.0
7Networks_RH_SomMot_17,62.0,-14.0,30.0
7Networks_RH_SomMot_18,52.0,-6.0,38.0
7Networks_RH_SomMot_19,54.0,-16.0,40.0
7Networks_RH_SomMot_20,12.0,-18.0,42.0
7Networks_RH_SomMot_21,52.0,-12.0,50.0
7Networks_RH_SomMot_22,44.0,-10.0,48.0
7Networks_RH_SomMot_23,50.0,-26.0,56.0
7Networks_RH_SomMot_24,6.0,-10.0,52.0
7Networks_RH_SomMot_25,44.0,-22.0,54.0
7Networks_RH_SomMot_26,36.0,-20.0,64.0
7Networks_RH_SomMot_27,32.0,-34.0,64.0
7Networks_RH_SomMot_28,30.0,-40.0,64.0
7Networks_RH_SomMot_29,34.0,-28.0,62.0
7Networks_RH_SomMot_30,4.0,-24.0,58.0
7Networks_RH_SomMot_31,28.0,-12.0,64.0
7Networks_RH_SomMot_32,10.0,-40.0,68.0
7Networks_RH_SomMot_33,22.0,-24.0,66.0
7Networks_RH_SomMot_34,22.0,-28.0,68.0
7Networks_RH_SomMot_35,22.0,-36.0,70.0
7Networks_RH_SomMot_36,16.0,-6.0,70.0
7Networks_RH_SomMot_37,16.0,-46.0,74.0
7Networks_RH_SomMot_38,6.0,-22.0,72.0
7Networks_RH_SomMot_39,16.0,-18.0,72.0
7Networks_RH_SomMot_40,12.0,-32.0,76.0
7Networks_RH_DorsAttn_Post_1,50.0,-50.0,-18.0
7Networks_RH_DorsAttn_Post_2,60.0,-54.0,-2.0
7Networks_RH_DorsAttn_Post_3,54.0,-56.0,12.0
7Networks_RH_DorsAttn_Post_4,46.0,-74.0,30.0
7Networks_RH_DorsAttn_Post_5,32.0,-66.0,36.0
7Networks_RH_DorsAttn_Post_6,58.0,-22.0,44.0
7Networks_RH_DorsAttn_Post_7,18.0,-80.0,50.0
7Networks_RH_DorsAttn_Post_8,44.0,-38.0,50.0
7Networks_RH_DorsAttn_Post_9,46.0,-28.0,42.0
7Networks_RH_DorsAttn_Post_10,30.0,-64.0,52.0
7Networks_RH_DorsAttn_Post_11,36.0,-44.0,44.0
7Networks_RH_DorsAttn_Post_12,20.0,-68.0,52.0
7Networks_RH_DorsAttn_Post_13,36.0,-36.0,52.0
7Networks_RH_DorsAttn_Post_14,34.0,-50.0,54.0
7Networks_RH_DorsAttn_Post_15,8.0,-72.0,52.0
7Networks_RH_DorsAttn_Post_16,26.0,-58.0,60.0
7Networks_RH_DorsAttn_Post_17,8.0,-54.0,60.0
7Networks_RH_DorsAttn_Post_18,14.0,-64.0,64.0
7Networks_RH_DorsAttn_Post_19,24.0,-50.0,68.0
7Networks_RH_DorsAttn_FEF_1,40.0,-4.0,52.0
7Networks_RH_DorsAttn_FEF_2,28.0,-4.0,52.0
7Networks_RH_DorsAttn_FEF_3,24.0,-2.0,64.0
7Networks_RH_DorsAttn_PrCv_1,48.0,8.0,24.0
7Networks_RH_SalVentAttn_TempOccPar_1,60.0,-46.0,6.0
7Networks_RH_SalVentAttn_TempOccPar_2,52.0,-40.0,12.0
7Networks_RH_SalVentAttn_TempOccPar_3,62.0,-40.0,22.0
7Networks_RH_SalVentAttn_TempOccPar_4,58.0,-32.0,24.0
7Networks_RH_SalVentAttn_TempOccPar_5,60.0,-22.0,22.0
7Networks_RH_SalVentAttn_TempOccPar_6,62.0,-26.0,38.0
7Networks_RH_SalVentAttn_TempOccPar_7,62.0,-38.0,36.0
7Networks_RH_SalVentAttn_PrC_1,50.0,4.0,40.0
7Networks_RH_SalVentAttn_FrOperIns_1,40.0,4.0,-16.0
7Networks_RH_SalVentAttn_FrOperIns_2,40.0,8.0,-2.0
7Networks_RH_SalVentAttn_FrOperIns_3,40.0,-10.0,-4.0
7Networks_RH_SalVentAttn_FrOperIns_4,40.0,-2.0,6.0
7Networks_RH_SalVentAttn_FrOperIns_5,38.0,22.0,4.0
7Networks_RH_SalVentAttn_FrOperIns_6,38.0,8.0,10.0
7Networks_RH_SalVentAttn_FrOperIns_7,50.0,4.0,4.0
7Networks_RH_SalVentAttn_FrOperIns_8,54.0,12.0,12.0
7Networks_RH_SalVentAttn_PFCl_1,32.0,44.0,28.0
7Networks_RH_SalVentAttn_Med_1,8.0,18.0,36.0
7Networks_RH_SalVentAttn_Med_2,8.0,2.0,44.0
7Networks_RH_SalVentAttn_Med_3,12.0,-34.0,42.0
7Networks_RH_SalVentAttn_Med_4,6.0,10.0,58.0
7Networks_RH_SalVentAttn_Med_5,10.0,-44.0,54.0
7Networks_RH_SalVentAttn_Med_6,10.0,-32.0,50.0
7Networks_RH_SalVentAttn_Med_7,6.0,-2.0,66.0
7Networks_RH_SalVentAttn_Med_8,16.0,6.0,70.0
7Networks_RH_Limbic_OFC_1,12.0,24.0,-20.0
7Networks_RH_Limbic_OFC_2,22.0,22.0,-20.0
7Networks_RH_Limbic_OFC_3,8.0,46.0,-24.0
7Networks_RH_Limbic_OFC_4,20.0,42.0,-18.0
7Networks_RH_Limbic_OFC_5,4.0,22.0,-20.0
7Networks_RH_Limbic_OFC_6,10.0,62.0,-14.0
7Networks_RH_Limbic_TempPole_1,28.0,-2.0,-40.0
7Networks_RH_Limbic_TempPole_2,48.0,-6.0,-40.0
7Networks_RH_Limbic_TempPole_3,36.0,16.0,-38.0
7Networks_RH_Limbic_TempPole_4,40.0,-14.0,-32.0
7Networks_RH_Limbic_TempPole_5,28.0,12.0,-30.0
7Networks_RH_Limbic_TempPole_6,50.0,-28.0,-26.0
7Networks_RH_Limbic_TempPole_7,22.0,-18.0,-28.0
7Networks_RH_Cont_Par_1,54.0,-52.0,44.0
7Networks_RH_Cont_Par_2,56.0,-40.0,48.0
7Networks_RH_Cont_Par_3,34.0,-70.0,46.0
7Networks_RH_Cont_Par_4,54.0,-32.0,52.0
7Networks_RH_Cont_Par_5,46.0,-44.0,46.0
7Networks_RH_Cont_Par_6,40.0,-56.0,48.0
7Networks_RH_Cont_Temp_1,62.0,-28.0,-20.0
7Networks_RH_Cont_Temp_2,64.0,-42.0,-10.0
7Networks_RH_Cont_PFCv_1,34.0,22.0,-8.0
7Networks_RH_Cont_PFCl_1,28.0,54.0,-14.0
7Networks_RH_Cont_PFCl_2,42.0,50.0,-6.0
7Networks_RH_Cont_PFCl_3,28.0,60.0,2.0
7Networks_RH_Cont_PFCl_4,50.0,40.0,6.0
7Networks_RH_Cont_PFCl_5,42.0,46.0,14.0
7Networks_RH_Cont_PFCl_6,50.0,30.0,18.0
7Networks_RH_Cont_PFCl_7,48.0,18.0,24.0
7Networks_RH_Cont_PFCl_8,26.0,54.0,24.0
7Networks_RH_Cont_PFCl_9,48.0,30.0,28.0
7Networks_RH_Cont_PFCl_10,40.0,10.0,34.0
7Networks_RH_Cont_PFCl_11,40.0,34.0,38.0
7Networks_RH_Cont_PFCl_12,44.0,18.0,44.0
7Networks_RH_Cont_PFCl_13,44.0,6.0,50.0
7Networks_RH_Cont_PFCl_14,34.0,16.0,56.0
7Networks_RH_Cont_PFCl_15,24.0,10.0,58.0
7Networks_RH_Cont_pCun_1,14.0,-72.0,40.0
7Networks_RH_Cont_pCun_2,6.0,-64.0,44.0
7Networks_RH_Cont_Cing_1,6.0,-28.0,28.0
7Networks_RH_Cont_Cing_2,4.0,2.0,30.0
7Networks_RH_Cont_PFCmp_1,8.0,34.0,26.0
7Networks_RH_Cont_PFCmp_2,4.0,28.0,48.0
7Networks_RH_Default_Par_1,54.0,-46.0,20.0
7Networks_RH_Default_Par_2,48.0,-64.0,22.0
7Networks_RH_Default_Par_3,54.0,-54.0,26.0
7Networks_RH_Default_Par_4,56.0,-46.0,32.0
7Networks_RH_Default_Par_5,48.0,-64.0,42.0
7Networks_RH_Default_Temp_1,50.0,8.0,-32.0
7Networks_RH_Default_Temp_2,60.0,-8.0,-24.0
7Networks_RH_Default_Temp_3,48.0,16.0,-20.0
7Networks_RH_Default_Temp_4,54.0,-4.0,-14.0
7Networks_RH_Default_Temp_5,62.0,-22.0,-8.0
7Networks_RH_Default_Temp_6,48.0,-20.0,-8.0
7Networks_RH_Default_Temp_7,64.0,-38.0,0.0
7Networks_RH_Default_Temp_8,50.0,-34.0,2.0
7Networks_RH_Default_PFCv_1,34.0,22.0,-18.0
7Networks_RH_Default_PFCv_2,36.0,38.0,-14.0
7Networks_RH_Default_PFCv_3,48.0,32.0,-8.0
7Networks_RH_Default_PFCv_4,54.0,24.0,6.0
7Networks_RH_Default_PFCdPFCm_1,6.0,40.0,-10.0
7Networks_RH_Default_PFCdPFCm_2,10.0,66.0,0.0
7Networks_RH_Default_PFCdPFCm_3,8.0,42.0,4.0
7Networks_RH_Default_PFCdPFCm_4,8.0,54.0,12.0
7Networks_RH_Default_PFCdPFCm_5,18.0,64.0,16.0
7Networks_RH_Default_PFCdPFCm_6,6.0,26.0,18.0
7Networks_RH_Default_PFCdPFCm_7,6.0,58.0,30.0
7Networks_RH_Default_PFCdPFCm_8,16.0,52.0,36.0
7Networks_RH_Default_PFCdPFCm_9,4.0,44.0,40.0
7Networks_RH_Default_PFCdPFCm_10,26.0,34.0,40.0
7Networks_RH_Default_PFCdPFCm_11,14.0,38.0,52.0
7Networks_RH_Default_PFCdPFCm_12,24.0,26.0,50.0
7Networks_RH_Default_PFCdPFCm_13,12.0,20.0,62.0
7Networks_RH_Default_pCunPCC_1,12.0,-56.0,16.0
7Networks_RH_Default_pCunPCC_2,8.0,-44.0,20.0
7Networks_RH_Default_pCunPCC_3,16.0,-64.0,28.0
7Networks_RH_Default_pCunPCC_4,6.0,-52.0,22.0
7Networks_RH_Default_pCunPCC_5,4.0,-64.0,32.0
7Networks_RH_Default_pCunPCC_6,6.0,-38.0,34.0
7Networks_RH_Default_pCunPCC_7,4.0,-20.0,36.0
7Networks_RH_Default_pCunPCC_8,10.0,-52.0,34.0
7Networks_RH_Default_pCunPCC_9,8.0,-50.0,44.0
